{"cameraMode":{"drawMode":0,"name":"Shaded","section":"Shading Mode"},"sceneLighting":true,"audioPlay":false,"sceneViewState":{"m_AlwaysRefresh":false,"showFog":true,"showSkybox":true,"showFlares":true,"showImageEffects":true,"showParticleSystems":true,"showVisualEffectGraphs":true,"m_FxEnabled":true},"in2DMode":false,"pivot":{"x":-0.7491404414176941,"y":-0.7317773699760437,"z":-0.8006067276000977},"rotation":{"x":-0.024601873010396959,"y":0.9753959774971008,"z":-0.15371769666671754,"w":-0.15610730648040772},"size":1.873805046081543,"orthographic":false}